Source,Target,weight,products,services,finances,content,hardware,interviewed
1,3,1,1,NA,NA,NA,NA,FALSE
2,3,1,1,NA,NA,NA,NA,FALSE
2,12,2,2,NA,NA,NA,NA,FALSE
2,33,5,1,NA,NA,NA,NA,FALSE
2,58,2,2,NA,NA,NA,NA,FALSE
2,65,1,1,NA,NA,NA,NA,FALSE
2,72,1,1,NA,NA,NA,NA,FALSE
2,80,2,1,NA,NA,NA,NA,FALSE
2,91,3,3,NA,NA,NA,NA,FALSE
2,100,1,1,NA,NA,NA,NA,FALSE
2,103,1,1,NA,NA,NA,NA,FALSE
2,149,1,1,NA,NA,NA,NA,FALSE
2,158,1,1,NA,NA,NA,NA,FALSE
2,184,1,1,NA,NA,NA,NA,FALSE
2,200,2,2,NA,NA,NA,NA,FALSE
2,229,1,1,NA,NA,NA,NA,FALSE
2,240,2,2,NA,NA,NA,NA,FALSE
2,246,1,1,NA,NA,NA,NA,FALSE
2,343,3,3,NA,NA,NA,NA,FALSE
2,363,1,1,NA,NA,NA,NA,FALSE
2,397,1,1,NA,NA,NA,NA,FALSE
3,1,1,NA,NA,1,NA,NA,FALSE
3,2,1,NA,NA,1,NA,NA,FALSE
3,4,1,NA,1,NA,NA,NA,FALSE
3,33,1,1,NA,NA,NA,NA,FALSE
3,118,3,3,NA,NA,NA,NA,FALSE
3,130,1,1,NA,NA,NA,NA,FALSE
3,149,1,1,NA,NA,NA,NA,FALSE
3,223,1,1,NA,NA,NA,NA,FALSE
3,300,2,2,NA,NA,NA,NA,FALSE
4,3,2,NA,NA,1,1,NA,TRUE
4,5,1,NA,1,NA,NA,NA,TRUE
5,4,1,NA,NA,1,NA,NA,FALSE
6,12,2,1,NA,1,NA,NA,FALSE
7,12,1,1,NA,NA,NA,NA,FALSE
8,12,1,1,NA,NA,NA,NA,FALSE
9,12,1,1,NA,NA,NA,NA,FALSE
9,28,1,1,NA,NA,NA,NA,FALSE
9,36,1,1,NA,NA,NA,NA,FALSE
9,80,1,1,NA,NA,NA,NA,FALSE
9,103,3,1,NA,NA,NA,NA,FALSE
9,106,3,1,1,NA,1,NA,FALSE
9,245,2,1,NA,NA,NA,NA,FALSE
9,343,1,1,NA,NA,NA,NA,FALSE
10,12,1,1,NA,NA,NA,NA,FALSE
10,58,1,1,NA,NA,NA,NA,FALSE
10,80,2,1,NA,NA,NA,NA,FALSE
10,165,1,1,NA,NA,NA,NA,FALSE
11,12,5,5,NA,NA,NA,NA,FALSE
11,19,5,5,NA,NA,NA,NA,FALSE
11,23,2,1,NA,NA,NA,NA,FALSE
11,28,3,1,NA,NA,NA,NA,FALSE
11,33,6,4,1,NA,NA,NA,FALSE
11,36,4,4,NA,NA,NA,NA,FALSE
11,37,2,2,NA,NA,NA,NA,FALSE
11,38,3,3,NA,NA,NA,NA,FALSE
11,41,5,5,NA,NA,NA,NA,FALSE
11,45,4,4,NA,NA,NA,NA,FALSE
11,69,2,1,1,NA,NA,NA,FALSE
11,72,2,2,NA,NA,NA,NA,FALSE
11,91,2,2,NA,NA,NA,NA,FALSE
11,100,2,NA,2,NA,NA,NA,FALSE
11,103,1,1,NA,NA,NA,NA,FALSE
11,113,1,1,NA,NA,NA,NA,FALSE
11,118,2,2,NA,NA,NA,NA,FALSE
11,125,1,1,NA,NA,NA,NA,FALSE
11,130,2,2,NA,NA,NA,NA,FALSE
11,136,3,1,2,NA,NA,NA,FALSE
11,140,8,4,NA,NA,NA,NA,FALSE
11,149,3,3,NA,NA,NA,NA,FALSE
11,179,1,1,NA,NA,NA,NA,FALSE
11,184,4,4,NA,NA,NA,NA,FALSE
11,188,3,3,NA,NA,NA,NA,FALSE
11,193,4,4,NA,NA,NA,NA,FALSE
11,215,1,1,NA,NA,NA,NA,FALSE
11,223,2,2,NA,NA,NA,NA,FALSE
11,229,5,5,NA,NA,NA,NA,FALSE
11,233,1,1,NA,NA,NA,NA,FALSE
11,240,1,1,NA,NA,NA,NA,FALSE
11,245,3,2,NA,NA,NA,NA,FALSE
11,246,1,1,NA,NA,NA,NA,FALSE
11,261,4,4,NA,NA,NA,NA,FALSE
11,291,4,4,NA,NA,NA,NA,FALSE
11,328,1,1,NA,NA,NA,NA,FALSE
11,330,3,1,1,1,NA,NA,FALSE
11,343,4,4,NA,NA,NA,NA,FALSE
11,363,2,2,NA,NA,NA,NA,FALSE
11,377,2,2,NA,NA,NA,NA,FALSE
11,397,1,1,NA,NA,NA,NA,FALSE
12,2,2,NA,NA,2,NA,NA,TRUE
12,6,2,1,NA,1,NA,NA,TRUE
12,7,1,NA,NA,1,NA,NA,TRUE
12,8,1,NA,NA,1,NA,NA,TRUE
12,9,1,NA,NA,1,NA,NA,TRUE
12,10,1,NA,NA,1,NA,NA,TRUE
12,11,4,NA,NA,4,NA,NA,TRUE
12,13,1,1,NA,NA,NA,NA,TRUE
12,14,1,1,NA,NA,NA,NA,TRUE
12,15,3,1,2,NA,NA,NA,TRUE
13,12,1,NA,NA,1,NA,NA,FALSE
13,15,1,1,NA,NA,NA,NA,FALSE
14,15,1,NA,1,NA,NA,NA,FALSE
15,12,4,NA,NA,4,NA,NA,FALSE
15,13,1,NA,NA,1,NA,NA,FALSE
15,14,1,NA,NA,1,NA,NA,FALSE
16,19,1,1,NA,NA,NA,NA,FALSE
17,19,1,1,NA,NA,NA,NA,FALSE
18,19,1,1,NA,NA,NA,NA,FALSE
18,125,1,1,NA,NA,NA,NA,FALSE
18,377,1,1,NA,NA,NA,NA,FALSE
19,11,3,NA,NA,3,NA,NA,TRUE
19,16,1,NA,NA,1,NA,NA,TRUE
19,17,1,NA,NA,1,NA,NA,TRUE
19,18,1,NA,NA,1,NA,NA,TRUE
19,20,2,1,1,NA,NA,NA,TRUE
20,19,3,NA,NA,2,1,NA,FALSE
21,23,2,1,NA,NA,NA,NA,FALSE
21,37,1,1,NA,NA,NA,NA,FALSE
21,200,1,1,NA,NA,NA,NA,FALSE
22,23,1,NA,1,NA,NA,NA,FALSE
23,11,1,NA,NA,1,NA,NA,TRUE
23,21,2,NA,NA,1,NA,NA,TRUE
23,22,1,NA,NA,1,NA,NA,TRUE
23,24,3,1,1,NA,NA,NA,TRUE
23,142,1,NA,NA,NA,1,NA,TRUE
23,145,1,NA,NA,NA,1,NA,TRUE
24,23,2,NA,NA,1,NA,NA,FALSE
25,28,1,NA,1,NA,NA,NA,FALSE
26,28,1,1,NA,NA,NA,NA,FALSE
27,28,2,2,NA,NA,NA,NA,FALSE
28,9,1,NA,NA,1,NA,NA,TRUE
28,11,2,NA,NA,1,NA,NA,TRUE
28,25,1,NA,NA,1,NA,NA,TRUE
28,26,1,NA,NA,1,NA,NA,TRUE
28,27,1,NA,NA,1,NA,NA,TRUE
28,29,3,1,1,NA,NA,NA,TRUE
28,151,1,NA,NA,1,NA,NA,TRUE
28,152,1,NA,NA,1,NA,NA,TRUE
28,153,1,NA,NA,1,NA,NA,TRUE
28,154,1,NA,NA,1,NA,NA,TRUE
28,155,1,NA,NA,1,NA,NA,TRUE
29,28,3,NA,NA,1,1,NA,FALSE
30,33,1,NA,NA,NA,1,NA,FALSE
30,36,2,NA,1,NA,1,NA,FALSE
31,33,1,1,NA,NA,NA,NA,FALSE
31,337,1,1,NA,NA,NA,NA,FALSE
32,33,1,1,NA,NA,NA,NA,FALSE
32,136,1,1,NA,NA,NA,NA,FALSE
33,2,2,NA,NA,1,NA,NA,TRUE
33,3,1,NA,NA,1,NA,NA,TRUE
33,11,3,NA,NA,3,NA,NA,TRUE
33,32,1,NA,NA,1,NA,NA,TRUE
33,34,5,NA,3,NA,NA,NA,TRUE
33,49,1,NA,NA,1,NA,NA,TRUE
33,156,1,NA,NA,1,NA,NA,TRUE
33,392,3,NA,NA,3,NA,NA,TRUE
33,393,1,NA,NA,1,NA,NA,TRUE
34,33,5,NA,NA,3,1,NA,FALSE
35,38,1,NA,NA,1,NA,NA,FALSE
36,9,1,NA,NA,1,NA,NA,TRUE
36,11,2,NA,NA,2,NA,NA,TRUE
36,38,1,1,NA,NA,NA,NA,TRUE
36,143,1,NA,NA,1,NA,NA,TRUE
36,169,1,NA,NA,1,NA,NA,TRUE
36,170,1,NA,NA,1,NA,NA,TRUE
36,171,1,NA,NA,1,NA,NA,TRUE
36,172,1,NA,1,NA,NA,NA,TRUE
36,174,1,NA,NA,1,NA,NA,TRUE
36,175,1,NA,NA,1,NA,NA,TRUE
36,177,1,NA,1,NA,NA,NA,TRUE
36,397,1,1,NA,NA,NA,NA,TRUE
37,11,2,NA,NA,2,NA,NA,TRUE
37,21,1,NA,NA,1,NA,NA,TRUE
37,38,1,1,NA,NA,NA,NA,TRUE
37,41,1,1,NA,NA,NA,NA,TRUE
37,120,2,NA,NA,2,NA,NA,TRUE
37,121,4,1,3,NA,NA,NA,TRUE
37,215,1,1,NA,NA,NA,NA,TRUE
38,11,2,NA,NA,2,NA,NA,TRUE
38,35,1,NA,NA,NA,1,NA,TRUE
38,36,1,NA,NA,1,NA,NA,TRUE
38,37,1,NA,NA,1,NA,NA,TRUE
38,39,1,1,NA,NA,NA,NA,TRUE
39,38,2,NA,NA,1,1,NA,FALSE
40,41,1,1,NA,NA,NA,NA,FALSE
41,11,1,NA,NA,1,NA,NA,TRUE
41,37,1,NA,NA,1,NA,NA,TRUE
41,40,1,NA,NA,1,NA,NA,TRUE
41,42,1,NA,1,NA,NA,NA,TRUE
41,43,1,1,NA,NA,NA,NA,TRUE
42,41,1,NA,NA,1,NA,NA,FALSE
43,41,1,NA,NA,1,NA,NA,FALSE
44,45,1,1,NA,NA,NA,NA,FALSE
44,184,1,1,NA,NA,NA,NA,FALSE
44,229,3,2,NA,1,NA,NA,FALSE
45,11,1,NA,NA,1,NA,NA,TRUE
45,44,1,NA,NA,1,NA,NA,TRUE
45,46,1,1,NA,NA,NA,NA,TRUE
45,47,1,1,NA,NA,NA,NA,TRUE
45,48,4,2,2,NA,NA,NA,TRUE
46,45,1,NA,NA,1,NA,NA,FALSE
46,48,1,1,NA,NA,NA,NA,FALSE
47,45,1,NA,NA,1,NA,NA,FALSE
47,48,1,1,NA,NA,NA,NA,FALSE
48,45,3,NA,NA,3,NA,NA,FALSE
48,46,1,NA,NA,1,NA,NA,FALSE
48,47,1,NA,NA,1,NA,NA,FALSE
49,33,2,1,1,NA,NA,NA,FALSE
49,58,1,1,NA,NA,NA,NA,FALSE
49,72,1,1,NA,NA,NA,NA,FALSE
49,118,4,4,NA,NA,NA,NA,FALSE
49,343,3,3,NA,NA,NA,NA,FALSE
49,397,1,1,NA,NA,NA,NA,FALSE
50,58,1,1,NA,NA,NA,NA,FALSE
50,72,1,1,NA,NA,NA,NA,FALSE
50,200,3,3,NA,NA,NA,NA,FALSE
50,223,1,1,NA,NA,NA,NA,FALSE
50,316,2,2,NA,NA,NA,NA,FALSE
51,58,1,1,NA,NA,NA,NA,FALSE
51,223,1,1,NA,NA,NA,NA,FALSE
52,58,1,1,NA,NA,NA,NA,FALSE
52,343,1,1,NA,NA,NA,NA,FALSE
53,58,1,NA,1,NA,NA,NA,FALSE
53,316,1,NA,1,NA,NA,NA,FALSE
54,58,1,1,NA,NA,NA,NA,FALSE
55,33,1,1,NA,NA,NA,NA,FALSE
55,58,4,4,NA,NA,NA,NA,FALSE
55,65,1,1,NA,NA,NA,NA,FALSE
55,80,5,1,NA,NA,NA,NA,FALSE
55,91,1,1,NA,NA,NA,NA,FALSE
55,165,1,1,NA,NA,NA,NA,FALSE
55,179,1,1,NA,NA,NA,NA,FALSE
55,200,4,4,NA,NA,NA,NA,FALSE
55,223,1,1,NA,NA,NA,NA,FALSE
55,240,2,2,NA,NA,NA,NA,FALSE
55,245,1,1,NA,NA,NA,NA,FALSE
55,343,2,2,NA,NA,NA,NA,FALSE
56,58,1,1,NA,NA,NA,NA,FALSE
56,158,1,1,NA,NA,NA,NA,FALSE
56,240,1,1,NA,NA,NA,NA,FALSE
56,316,1,NA,1,NA,NA,NA,FALSE
57,58,1,1,NA,NA,NA,NA,FALSE
58,2,1,NA,NA,1,NA,NA,TRUE
58,49,1,NA,NA,1,NA,NA,TRUE
58,53,1,NA,NA,1,NA,NA,TRUE
58,59,1,1,NA,NA,NA,NA,TRUE
58,60,1,1,NA,NA,NA,NA,TRUE
59,58,1,NA,NA,1,NA,NA,FALSE
59,60,1,1,NA,NA,NA,NA,FALSE
60,58,1,NA,NA,1,NA,NA,FALSE
60,59,1,NA,NA,1,NA,NA,FALSE
61,65,1,1,NA,NA,NA,NA,FALSE
61,269,1,1,NA,NA,NA,NA,FALSE
61,301,1,NA,1,NA,NA,NA,FALSE
61,343,1,1,NA,NA,NA,NA,FALSE
61,354,3,NA,3,NA,NA,NA,FALSE
62,65,1,1,NA,NA,NA,NA,FALSE
62,113,1,1,NA,NA,NA,NA,FALSE
62,165,1,1,NA,NA,NA,NA,FALSE
63,64,1,1,NA,NA,NA,NA,FALSE
63,66,1,1,NA,NA,NA,NA,FALSE
63,124,1,NA,1,NA,NA,NA,FALSE
63,129,1,NA,1,NA,NA,NA,FALSE
63,148,1,NA,1,NA,NA,NA,FALSE
63,185,1,NA,1,NA,NA,NA,FALSE
63,194,1,NA,1,NA,NA,NA,FALSE
64,65,1,NA,1,NA,NA,NA,FALSE
65,61,1,NA,NA,1,NA,NA,TRUE
65,64,1,NA,NA,1,NA,NA,TRUE
65,66,1,NA,NA,1,NA,NA,TRUE
65,67,1,NA,1,NA,NA,NA,TRUE
65,68,1,NA,1,NA,NA,NA,TRUE
66,65,1,NA,1,NA,NA,NA,FALSE
67,65,1,NA,NA,1,NA,NA,FALSE
68,65,1,NA,NA,1,NA,NA,FALSE
69,11,2,NA,NA,2,NA,NA,TRUE
69,70,1,NA,1,NA,NA,NA,TRUE
69,71,2,NA,2,NA,NA,NA,TRUE
70,69,1,NA,NA,1,NA,NA,FALSE
70,71,1,NA,1,NA,NA,NA,FALSE
71,69,2,NA,NA,2,NA,NA,FALSE
71,70,1,NA,NA,1,NA,NA,FALSE
72,2,1,NA,NA,1,NA,NA,TRUE
72,49,1,NA,NA,1,NA,NA,TRUE
72,50,1,NA,NA,1,NA,NA,TRUE
72,73,1,1,NA,NA,NA,NA,TRUE
72,74,1,1,NA,NA,NA,NA,TRUE
72,75,2,1,1,NA,NA,NA,TRUE
72,76,2,1,1,NA,NA,NA,TRUE
72,77,2,1,1,NA,NA,NA,TRUE
73,72,1,NA,NA,1,NA,NA,FALSE
73,77,1,1,NA,NA,NA,NA,FALSE
74,72,1,NA,NA,1,NA,NA,FALSE
74,77,1,1,NA,NA,NA,NA,FALSE
75,72,1,NA,NA,1,NA,NA,FALSE
75,77,1,NA,1,NA,NA,NA,FALSE
76,72,1,NA,NA,1,NA,NA,FALSE
76,77,1,NA,1,NA,NA,NA,FALSE
77,72,1,NA,NA,1,NA,NA,FALSE
77,73,1,NA,NA,1,NA,NA,FALSE
77,74,1,NA,NA,1,NA,NA,FALSE
77,75,1,NA,NA,1,NA,NA,FALSE
77,76,1,NA,NA,1,NA,NA,FALSE
78,80,1,1,NA,NA,NA,NA,FALSE
79,80,2,1,NA,NA,NA,NA,FALSE
79,200,1,1,NA,NA,NA,NA,FALSE
80,81,2,1,1,NA,NA,NA,TRUE
80,82,1,1,NA,NA,NA,NA,TRUE
80,179,4,3,1,NA,NA,NA,TRUE
81,80,1,NA,NA,1,NA,NA,FALSE
81,82,6,5,NA,NA,NA,1,FALSE
82,80,3,NA,NA,1,NA,NA,FALSE
82,81,1,NA,NA,1,NA,NA,FALSE
83,91,1,1,NA,NA,NA,NA,FALSE
84,91,1,1,NA,NA,NA,NA,FALSE
84,149,1,NA,1,NA,NA,NA,FALSE
84,165,1,1,NA,NA,NA,NA,FALSE
84,167,2,2,NA,NA,NA,NA,FALSE
84,223,1,1,NA,NA,NA,NA,FALSE
84,228,1,1,NA,NA,NA,NA,FALSE
85,91,1,NA,1,NA,NA,NA,FALSE
85,100,1,1,1,NA,NA,NA,FALSE
85,118,1,1,NA,NA,NA,NA,FALSE
85,130,1,1,NA,NA,NA,NA,FALSE
85,158,1,1,NA,NA,NA,NA,FALSE
85,167,1,NA,1,NA,NA,NA,FALSE
85,240,1,1,NA,NA,NA,NA,FALSE
85,269,2,1,1,NA,NA,NA,FALSE
85,343,1,1,NA,NA,NA,NA,FALSE
86,91,1,1,NA,NA,NA,NA,FALSE
87,91,1,NA,NA,NA,NA,1,FALSE
88,90,1,NA,NA,NA,NA,1,FALSE
89,90,1,NA,NA,NA,NA,1,FALSE
90,91,1,NA,NA,NA,NA,1,FALSE
91,2,1,NA,NA,1,NA,NA,TRUE
91,11,2,NA,NA,2,NA,NA,TRUE
91,83,1,NA,NA,1,NA,NA,TRUE
91,85,1,NA,NA,1,NA,NA,TRUE
91,86,1,NA,NA,1,NA,NA,TRUE
91,87,1,NA,NA,1,NA,NA,TRUE
91,90,1,NA,NA,1,NA,NA,TRUE
91,92,2,1,1,NA,NA,NA,TRUE
92,91,1,NA,NA,1,NA,NA,FALSE
93,100,1,1,NA,NA,NA,NA,FALSE
94,100,1,1,NA,NA,NA,NA,FALSE
94,113,1,1,NA,NA,NA,NA,FALSE
94,130,1,1,NA,NA,NA,NA,FALSE
94,158,1,1,NA,NA,NA,NA,FALSE
94,167,1,NA,1,NA,NA,NA,FALSE
94,343,1,1,NA,NA,NA,NA,FALSE
95,100,1,NA,1,NA,NA,NA,FALSE
96,100,1,NA,1,NA,NA,NA,FALSE
97,100,1,NA,1,NA,NA,NA,FALSE
98,100,1,NA,1,NA,NA,NA,FALSE
99,100,1,NA,1,NA,NA,NA,FALSE
100,101,3,3,NA,NA,NA,NA,TRUE
101,100,1,NA,NA,1,NA,NA,FALSE
102,103,1,NA,NA,NA,1,NA,FALSE
103,2,1,NA,NA,1,NA,NA,TRUE
103,9,3,NA,NA,1,NA,NA,TRUE
103,11,1,NA,NA,1,NA,NA,TRUE
103,102,1,NA,NA,1,NA,NA,TRUE
103,104,3,2,NA,NA,1,NA,TRUE
103,105,3,2,NA,NA,1,NA,TRUE
103,106,8,4,3,NA,1,NA,TRUE
104,103,2,NA,NA,2,NA,NA,FALSE
104,106,3,2,NA,NA,1,NA,FALSE
105,103,2,NA,NA,2,NA,NA,FALSE
105,106,4,2,1,NA,1,NA,FALSE
106,9,3,NA,NA,3,NA,NA,FALSE
106,103,8,NA,NA,8,NA,NA,FALSE
106,104,2,NA,NA,2,NA,NA,FALSE
106,105,3,NA,NA,3,NA,NA,FALSE
107,109,1,1,NA,NA,NA,NA,FALSE
108,109,1,NA,NA,NA,NA,1,FALSE
109,107,1,NA,NA,1,NA,NA,TRUE
109,108,1,NA,NA,1,NA,NA,TRUE
109,110,2,2,NA,NA,NA,NA,TRUE
109,111,2,2,NA,NA,NA,NA,TRUE
109,112,2,2,NA,NA,NA,NA,TRUE
110,109,1,NA,NA,1,NA,NA,FALSE
110,112,2,2,NA,NA,NA,NA,FALSE
110,316,1,1,NA,NA,NA,NA,FALSE
111,109,1,NA,NA,1,NA,NA,FALSE
111,112,2,2,NA,NA,NA,NA,FALSE
112,109,1,NA,NA,1,NA,NA,FALSE
112,110,1,NA,NA,1,NA,NA,FALSE
112,111,1,NA,NA,1,NA,NA,FALSE
113,11,1,NA,NA,1,NA,NA,TRUE
113,62,1,NA,NA,1,NA,NA,TRUE
113,94,1,NA,NA,1,NA,NA,TRUE
113,114,4,1,3,NA,NA,NA,TRUE
114,113,3,NA,NA,3,NA,NA,FALSE
115,118,1,1,NA,NA,NA,NA,FALSE
116,118,1,1,NA,NA,NA,NA,FALSE
117,118,2,2,NA,NA,NA,NA,FALSE
117,215,1,1,NA,NA,NA,NA,FALSE
117,245,1,NA,1,NA,NA,NA,FALSE
118,3,3,NA,NA,3,NA,NA,TRUE
118,11,2,NA,NA,2,NA,NA,TRUE
118,49,4,NA,NA,4,NA,NA,TRUE
118,115,1,NA,NA,1,NA,NA,TRUE
118,116,1,NA,NA,1,NA,NA,TRUE
118,117,2,NA,NA,2,NA,NA,TRUE
118,119,2,1,1,NA,NA,NA,TRUE
119,118,2,NA,NA,2,NA,NA,FALSE
120,121,2,NA,2,NA,NA,NA,FALSE
121,37,3,NA,NA,3,NA,NA,FALSE
122,125,1,1,NA,NA,NA,NA,FALSE
123,125,1,1,NA,NA,NA,NA,FALSE
124,63,1,NA,NA,1,NA,NA,FALSE
124,125,1,NA,1,NA,NA,NA,FALSE
124,200,1,NA,1,NA,NA,NA,FALSE
125,11,1,NA,NA,1,NA,NA,TRUE
125,18,1,NA,NA,1,NA,NA,TRUE
125,122,1,NA,NA,1,NA,NA,TRUE
125,123,1,NA,NA,1,NA,NA,TRUE
125,124,1,NA,NA,1,NA,NA,TRUE
125,126,1,NA,1,NA,NA,NA,TRUE
125,127,1,1,NA,NA,NA,NA,TRUE
126,125,1,NA,NA,1,NA,NA,FALSE
127,125,1,NA,NA,1,NA,NA,FALSE
128,130,1,1,NA,NA,NA,NA,FALSE
129,130,1,NA,1,NA,NA,NA,FALSE
130,3,1,NA,NA,1,NA,NA,TRUE
130,11,1,NA,NA,1,NA,NA,TRUE
130,94,1,NA,NA,1,NA,NA,TRUE
130,128,1,NA,NA,1,NA,NA,TRUE
130,129,1,NA,NA,1,NA,NA,TRUE
130,131,2,NA,1,NA,1,NA,TRUE
130,132,1,1,NA,NA,NA,NA,TRUE
131,130,1,NA,NA,1,NA,NA,FALSE
131,133,2,NA,1,NA,1,NA,FALSE
132,133,1,1,NA,NA,NA,NA,FALSE
133,130,1,NA,NA,NA,1,NA,FALSE
134,136,1,1,NA,NA,NA,NA,FALSE
134,245,1,NA,1,NA,NA,NA,FALSE
135,136,1,NA,1,NA,NA,NA,FALSE
136,11,3,NA,NA,3,NA,NA,TRUE
136,32,1,NA,NA,1,NA,NA,TRUE
136,134,1,NA,NA,1,NA,NA,TRUE
136,135,1,NA,NA,1,NA,NA,TRUE
136,137,2,NA,2,NA,NA,NA,TRUE
137,136,2,NA,NA,2,NA,NA,FALSE
138,140,1,1,NA,NA,NA,NA,FALSE
138,240,1,1,NA,NA,NA,NA,FALSE
139,140,1,1,NA,NA,NA,NA,FALSE
140,11,6,NA,NA,3,NA,NA,TRUE
140,138,1,NA,NA,1,NA,NA,TRUE
140,139,1,NA,NA,1,NA,NA,TRUE
140,141,5,3,2,NA,NA,NA,TRUE
140,215,1,1,NA,NA,NA,NA,TRUE
140,318,1,NA,NA,1,NA,NA,TRUE
140,319,1,NA,NA,1,NA,NA,TRUE
141,140,3,NA,3,NA,NA,NA,FALSE
142,23,1,NA,NA,NA,1,NA,FALSE
143,23,1,NA,NA,NA,1,NA,FALSE
143,36,2,NA,1,NA,1,NA,FALSE
143,291,1,NA,1,NA,NA,NA,FALSE
144,23,1,NA,NA,NA,1,NA,FALSE
145,23,1,NA,NA,NA,1,NA,FALSE
146,149,1,1,NA,NA,NA,NA,FALSE
147,149,1,1,NA,NA,NA,NA,FALSE
148,149,2,1,1,NA,NA,NA,FALSE
148,223,2,1,1,NA,NA,NA,FALSE
148,385,1,NA,NA,1,NA,NA,FALSE
148,386,1,NA,NA,1,NA,NA,FALSE
148,387,1,NA,NA,1,NA,NA,FALSE
148,388,1,NA,NA,1,NA,NA,FALSE
149,3,1,NA,NA,1,NA,NA,TRUE
149,11,1,NA,NA,1,NA,NA,TRUE
149,146,1,NA,NA,1,NA,NA,TRUE
149,147,1,NA,NA,1,NA,NA,TRUE
149,148,1,NA,NA,1,NA,NA,TRUE
149,150,2,1,1,NA,NA,NA,TRUE
150,149,1,NA,NA,1,NA,NA,FALSE
151,28,1,1,NA,NA,NA,NA,FALSE
152,28,1,1,NA,NA,NA,NA,FALSE
153,28,1,NA,1,NA,NA,NA,FALSE
154,28,1,NA,1,NA,NA,NA,FALSE
155,28,1,NA,1,NA,NA,NA,FALSE
156,33,1,1,NA,NA,NA,NA,FALSE
157,158,1,NA,1,NA,NA,NA,FALSE
158,85,2,NA,NA,2,NA,NA,TRUE
158,94,1,NA,NA,1,NA,NA,TRUE
158,157,1,NA,NA,1,NA,NA,TRUE
158,159,2,NA,NA,NA,2,NA,TRUE
159,158,2,NA,NA,2,NA,NA,FALSE
159,160,1,NA,NA,NA,1,NA,FALSE
160,159,1,NA,NA,1,NA,NA,FALSE
161,167,1,1,NA,NA,NA,NA,FALSE
162,167,1,1,NA,NA,NA,NA,FALSE
163,167,1,NA,1,NA,NA,NA,FALSE
164,166,1,NA,1,NA,NA,NA,FALSE
165,167,1,NA,1,NA,NA,NA,FALSE
166,164,1,NA,NA,1,NA,NA,FALSE
166,167,1,NA,NA,1,NA,NA,FALSE
167,84,2,NA,2,NA,NA,NA,TRUE
167,94,1,NA,NA,1,NA,NA,TRUE
167,162,1,NA,1,NA,NA,NA,TRUE
167,163,1,NA,NA,1,NA,NA,TRUE
167,165,1,NA,1,NA,NA,NA,TRUE
167,166,1,NA,NA,1,NA,NA,TRUE
167,168,2,NA,2,NA,NA,NA,TRUE
168,167,1,NA,NA,1,NA,NA,FALSE
169,36,1,1,NA,NA,NA,NA,FALSE
170,36,1,NA,1,NA,NA,NA,FALSE
170,354,3,NA,3,NA,NA,NA,FALSE
171,36,1,1,NA,NA,NA,NA,FALSE
172,36,1,NA,1,NA,NA,NA,FALSE
173,36,1,1,NA,NA,NA,NA,FALSE
174,36,1,1,NA,NA,NA,NA,FALSE
175,36,1,1,NA,NA,NA,NA,FALSE
175,193,1,1,NA,NA,NA,NA,FALSE
175,223,2,2,NA,NA,NA,NA,FALSE
176,36,1,NA,NA,NA,1,NA,FALSE
177,36,1,NA,NA,1,NA,NA,FALSE
178,80,1,1,NA,NA,NA,NA,FALSE
179,82,2,2,NA,NA,NA,NA,FALSE
180,184,1,1,NA,NA,NA,NA,FALSE
181,184,1,1,NA,NA,NA,NA,FALSE
182,184,1,1,NA,NA,NA,NA,FALSE
183,184,1,NA,NA,NA,1,NA,FALSE
184,11,3,NA,NA,3,NA,NA,TRUE
184,182,1,NA,NA,1,NA,NA,TRUE
184,183,1,NA,NA,1,NA,NA,TRUE
184,185,1,NA,NA,1,NA,NA,TRUE
184,186,1,NA,1,NA,NA,NA,TRUE
185,63,1,NA,NA,1,NA,NA,FALSE
185,184,1,NA,1,NA,NA,NA,FALSE
186,184,1,NA,NA,1,NA,NA,FALSE
187,188,1,1,NA,NA,NA,NA,FALSE
188,11,3,NA,NA,3,NA,NA,TRUE
188,187,1,NA,NA,1,NA,NA,TRUE
188,189,1,NA,1,NA,NA,NA,TRUE
189,188,1,NA,NA,1,NA,NA,FALSE
189,190,1,NA,1,NA,NA,NA,FALSE
190,189,1,NA,NA,1,NA,NA,FALSE
191,193,1,1,NA,NA,NA,NA,FALSE
192,193,1,1,NA,NA,NA,NA,FALSE
193,11,3,NA,NA,3,NA,NA,TRUE
193,175,1,NA,NA,1,NA,NA,TRUE
193,191,1,NA,NA,1,NA,NA,TRUE
193,192,1,NA,NA,1,NA,NA,TRUE
193,194,1,NA,NA,1,NA,NA,TRUE
193,195,1,NA,1,NA,NA,NA,TRUE
194,193,1,NA,1,NA,NA,NA,FALSE
195,193,2,NA,NA,1,1,NA,FALSE
196,200,1,1,NA,NA,NA,NA,FALSE
197,200,1,1,NA,NA,NA,NA,FALSE
198,200,1,1,NA,NA,NA,NA,FALSE
199,200,1,1,NA,NA,NA,NA,FALSE
199,223,1,1,NA,NA,NA,NA,FALSE
200,3,2,NA,NA,2,NA,NA,TRUE
200,124,1,NA,NA,1,NA,NA,TRUE
200,196,1,NA,NA,1,NA,NA,TRUE
200,201,1,1,NA,NA,NA,NA,TRUE
201,200,2,NA,NA,1,1,NA,FALSE
202,208,4,2,NA,1,1,NA,FALSE
203,208,2,NA,NA,1,1,NA,FALSE
204,208,2,NA,NA,1,1,NA,FALSE
205,208,2,1,NA,1,NA,NA,FALSE
206,208,1,NA,NA,NA,1,NA,FALSE
207,208,7,3,4,NA,NA,NA,FALSE
208,202,1,1,NA,NA,NA,NA,TRUE
208,203,1,NA,NA,1,NA,NA,TRUE
208,204,1,NA,NA,1,NA,NA,TRUE
208,207,1,NA,NA,1,NA,NA,TRUE
208,209,1,1,NA,NA,NA,NA,TRUE
209,208,1,NA,NA,1,NA,NA,FALSE
209,210,1,1,NA,NA,NA,NA,FALSE
210,209,1,NA,NA,1,NA,NA,FALSE
211,215,1,1,NA,NA,NA,NA,FALSE
212,215,1,1,NA,NA,NA,NA,FALSE
213,215,1,1,NA,NA,NA,NA,FALSE
214,215,1,1,NA,NA,NA,NA,FALSE
215,11,1,NA,NA,1,NA,NA,TRUE
215,37,1,NA,NA,1,NA,NA,TRUE
215,117,1,NA,NA,1,NA,NA,TRUE
215,140,1,NA,NA,1,NA,NA,TRUE
215,211,1,NA,NA,1,NA,NA,TRUE
215,212,1,NA,NA,1,NA,NA,TRUE
215,213,1,NA,NA,1,NA,NA,TRUE
215,216,1,1,NA,NA,NA,NA,TRUE
215,217,1,NA,NA,1,NA,NA,TRUE
215,218,1,1,NA,NA,NA,NA,TRUE
216,215,1,NA,NA,1,NA,NA,FALSE
216,218,1,1,NA,NA,NA,NA,FALSE
217,218,1,NA,1,NA,NA,NA,FALSE
218,215,2,NA,NA,2,NA,NA,FALSE
218,216,1,NA,NA,1,NA,NA,FALSE
219,229,1,1,NA,NA,NA,NA,FALSE
220,229,1,1,NA,NA,NA,NA,FALSE
221,229,1,1,NA,NA,NA,NA,FALSE
222,229,1,1,NA,NA,NA,NA,FALSE
223,3,1,NA,NA,1,NA,NA,TRUE
223,11,2,NA,NA,2,NA,NA,TRUE
223,148,2,NA,NA,2,NA,NA,TRUE
223,175,2,NA,NA,2,NA,NA,TRUE
223,229,1,NA,1,NA,NA,NA,TRUE
223,384,1,NA,NA,1,NA,NA,TRUE
223,389,2,NA,NA,2,NA,NA,TRUE
223,390,2,NA,NA,2,NA,NA,TRUE
223,391,1,1,NA,NA,NA,NA,TRUE
224,229,1,1,NA,NA,NA,NA,FALSE
225,229,1,1,NA,NA,NA,NA,FALSE
225,245,1,1,NA,NA,NA,NA,FALSE
226,229,1,1,NA,NA,NA,NA,FALSE
227,229,1,1,NA,NA,NA,NA,FALSE
228,11,1,NA,NA,1,NA,NA,FALSE
228,222,1,NA,NA,1,NA,NA,FALSE
228,229,1,1,NA,NA,NA,NA,FALSE
229,220,1,NA,NA,1,NA,NA,TRUE
229,221,1,NA,NA,1,NA,NA,TRUE
229,223,1,NA,NA,1,NA,NA,TRUE
229,224,1,NA,NA,1,NA,NA,TRUE
229,230,1,NA,1,NA,NA,NA,TRUE
230,229,1,NA,NA,1,NA,NA,FALSE
231,233,1,1,NA,NA,NA,NA,FALSE
232,233,1,1,NA,NA,NA,NA,FALSE
233,11,1,NA,NA,1,NA,NA,TRUE
233,231,1,NA,NA,1,NA,NA,TRUE
233,232,1,NA,NA,1,NA,NA,TRUE
233,234,2,1,1,NA,NA,NA,TRUE
234,233,1,NA,NA,1,NA,NA,FALSE
234,235,2,1,1,NA,NA,NA,FALSE
235,234,1,NA,NA,1,NA,NA,FALSE
236,240,1,1,NA,NA,NA,NA,FALSE
237,240,1,1,NA,NA,NA,NA,FALSE
238,240,1,1,NA,NA,NA,NA,FALSE
239,240,1,1,NA,NA,NA,NA,FALSE
240,2,2,NA,NA,2,NA,NA,TRUE
240,11,1,NA,NA,1,NA,NA,TRUE
240,55,2,NA,NA,2,NA,NA,TRUE
240,56,1,NA,NA,1,NA,NA,TRUE
240,85,1,NA,NA,1,NA,NA,TRUE
240,138,1,NA,NA,1,NA,NA,TRUE
240,236,1,NA,NA,1,NA,NA,TRUE
240,237,1,NA,NA,1,NA,NA,TRUE
240,238,1,NA,NA,1,NA,NA,TRUE
240,239,1,NA,NA,1,NA,NA,TRUE
240,241,1,1,NA,NA,NA,NA,TRUE
241,240,1,NA,NA,1,NA,NA,FALSE
242,245,2,1,NA,NA,NA,NA,FALSE
243,245,1,1,NA,NA,NA,NA,FALSE
244,245,1,1,NA,NA,NA,NA,FALSE
245,9,2,NA,NA,1,NA,NA,TRUE
245,11,1,NA,NA,1,NA,NA,TRUE
245,117,1,NA,NA,1,NA,NA,TRUE
245,134,1,NA,NA,1,NA,NA,TRUE
245,242,2,NA,NA,1,NA,NA,TRUE
245,246,2,1,1,NA,NA,NA,TRUE
245,247,3,2,1,NA,NA,NA,TRUE
245,281,1,NA,NA,1,NA,NA,TRUE
246,2,1,NA,NA,1,NA,NA,FALSE
246,11,1,NA,NA,1,NA,NA,FALSE
246,245,2,NA,NA,2,NA,NA,FALSE
246,248,2,2,NA,NA,NA,NA,FALSE
247,245,3,NA,NA,3,NA,NA,FALSE
248,246,2,NA,NA,2,NA,NA,FALSE
249,251,1,1,NA,NA,NA,NA,FALSE
250,251,1,1,NA,NA,NA,NA,FALSE
251,249,1,NA,NA,1,NA,NA,TRUE
251,252,1,1,NA,NA,NA,NA,TRUE
252,251,1,NA,NA,1,NA,NA,FALSE
252,253,1,1,NA,NA,NA,NA,FALSE
252,254,1,1,NA,NA,NA,NA,FALSE
253,252,1,NA,NA,1,NA,NA,FALSE
253,254,1,1,NA,NA,NA,NA,FALSE
254,253,1,NA,NA,1,NA,NA,FALSE
255,261,1,1,NA,NA,NA,NA,FALSE
256,261,1,1,NA,NA,NA,NA,FALSE
257,261,1,1,NA,NA,NA,NA,FALSE
258,261,1,1,NA,NA,NA,NA,FALSE
259,261,1,1,NA,NA,NA,NA,FALSE
260,261,1,NA,1,NA,NA,NA,FALSE
261,11,1,NA,NA,1,NA,NA,TRUE
261,256,1,NA,NA,1,NA,NA,TRUE
261,257,1,NA,NA,1,NA,NA,TRUE
261,258,1,NA,NA,1,NA,NA,TRUE
261,259,1,NA,NA,1,NA,NA,TRUE
261,262,1,1,NA,NA,NA,NA,TRUE
262,261,1,NA,NA,1,NA,NA,FALSE
263,269,1,NA,1,NA,NA,NA,FALSE
264,269,1,1,NA,NA,NA,NA,FALSE
265,269,1,1,NA,NA,NA,NA,FALSE
266,269,1,NA,1,NA,NA,NA,FALSE
267,269,1,1,NA,NA,NA,NA,FALSE
268,269,1,1,NA,NA,NA,NA,FALSE
269,61,1,NA,NA,1,NA,NA,TRUE
269,263,1,NA,NA,1,NA,NA,TRUE
269,264,1,NA,NA,1,NA,NA,TRUE
269,266,1,NA,NA,1,NA,NA,TRUE
269,267,1,NA,NA,1,NA,NA,TRUE
269,270,2,1,NA,1,NA,NA,TRUE
269,271,1,1,NA,NA,NA,NA,TRUE
270,271,1,1,NA,NA,NA,NA,FALSE
271,269,1,NA,NA,1,NA,NA,FALSE
272,274,2,2,NA,NA,NA,NA,FALSE
273,274,1,1,NA,NA,NA,NA,FALSE
274,273,1,NA,NA,1,NA,NA,TRUE
274,275,1,1,NA,NA,NA,NA,TRUE
274,278,1,1,NA,NA,NA,NA,TRUE
274,279,1,1,NA,NA,NA,NA,TRUE
275,274,1,NA,NA,1,NA,NA,FALSE
275,279,1,1,NA,NA,NA,NA,FALSE
276,274,1,NA,NA,1,NA,NA,FALSE
277,274,1,NA,NA,1,NA,NA,FALSE
278,274,1,NA,NA,1,NA,NA,FALSE
278,279,2,2,NA,NA,NA,NA,FALSE
279,274,2,NA,NA,1,1,NA,FALSE
279,275,1,NA,NA,1,NA,NA,FALSE
279,276,1,NA,NA,1,NA,NA,FALSE
279,277,1,NA,NA,1,NA,NA,FALSE
279,278,1,NA,NA,1,NA,NA,FALSE
280,245,1,1,NA,NA,NA,NA,FALSE
280,291,1,1,NA,NA,NA,NA,FALSE
281,245,1,1,NA,NA,NA,NA,FALSE
282,291,1,1,NA,NA,NA,NA,FALSE
283,291,1,1,NA,NA,NA,NA,FALSE
284,291,1,1,NA,NA,NA,NA,FALSE
285,291,1,1,NA,NA,NA,NA,FALSE
286,291,1,1,NA,NA,NA,NA,FALSE
287,291,1,1,NA,NA,NA,NA,FALSE
288,291,1,1,NA,NA,NA,NA,FALSE
289,291,1,1,NA,NA,NA,NA,FALSE
290,291,1,1,NA,NA,NA,NA,FALSE
291,11,2,NA,2,NA,NA,NA,TRUE
291,143,1,NA,NA,1,NA,NA,TRUE
291,282,1,NA,NA,1,NA,NA,TRUE
291,283,1,NA,NA,1,NA,NA,TRUE
291,292,1,1,NA,NA,NA,NA,TRUE
291,293,1,1,NA,NA,NA,NA,TRUE
292,291,1,NA,NA,1,NA,NA,FALSE
292,293,1,1,NA,NA,NA,NA,FALSE
293,291,1,NA,NA,1,NA,NA,FALSE
293,292,1,NA,NA,1,NA,NA,FALSE
294,301,1,1,NA,NA,NA,NA,FALSE
295,301,1,1,NA,NA,NA,NA,FALSE
296,301,1,1,NA,NA,NA,NA,FALSE
297,301,1,1,NA,NA,NA,NA,FALSE
298,301,1,1,NA,NA,NA,NA,FALSE
299,301,1,1,NA,NA,NA,NA,FALSE
300,301,2,NA,1,1,NA,NA,FALSE
300,305,1,1,NA,NA,NA,NA,FALSE
301,61,1,NA,NA,1,NA,NA,TRUE
301,299,1,NA,NA,1,NA,NA,TRUE
301,300,1,1,NA,NA,NA,NA,TRUE
301,302,1,1,NA,NA,NA,NA,TRUE
301,303,1,1,NA,NA,NA,NA,TRUE
301,304,1,1,NA,NA,NA,NA,TRUE
301,305,1,1,NA,NA,NA,NA,TRUE
302,301,1,NA,NA,1,NA,NA,FALSE
302,305,1,1,NA,NA,NA,NA,FALSE
303,301,1,NA,NA,1,NA,NA,FALSE
303,305,1,1,NA,NA,NA,NA,FALSE
304,301,1,NA,NA,1,NA,NA,FALSE
304,305,1,1,NA,NA,NA,NA,FALSE
305,300,1,NA,NA,1,NA,NA,FALSE
305,301,1,NA,NA,1,NA,NA,FALSE
305,302,1,NA,NA,1,NA,NA,FALSE
305,303,1,NA,NA,1,NA,NA,FALSE
305,304,1,NA,NA,1,NA,NA,FALSE
306,316,2,1,1,NA,NA,NA,FALSE
307,316,1,NA,1,NA,NA,NA,FALSE
308,316,1,NA,1,NA,NA,NA,FALSE
309,316,1,NA,1,NA,NA,NA,FALSE
310,316,1,NA,1,NA,NA,NA,FALSE
311,316,1,NA,1,NA,NA,NA,FALSE
312,316,1,NA,1,NA,NA,NA,FALSE
313,316,1,NA,1,NA,NA,NA,FALSE
314,316,1,NA,1,NA,NA,NA,FALSE
315,316,1,NA,1,NA,NA,NA,FALSE
316,50,2,NA,NA,2,NA,NA,TRUE
316,53,1,NA,NA,1,NA,NA,TRUE
316,56,1,NA,NA,1,NA,NA,TRUE
316,110,1,NA,NA,1,NA,NA,TRUE
316,306,2,NA,NA,2,NA,NA,TRUE
316,307,1,NA,NA,1,NA,NA,TRUE
316,308,1,NA,NA,1,NA,NA,TRUE
316,309,1,NA,NA,1,NA,NA,TRUE
316,310,1,NA,NA,1,NA,NA,TRUE
316,311,1,NA,NA,1,NA,NA,TRUE
316,312,1,NA,NA,1,NA,NA,TRUE
316,313,1,NA,NA,1,NA,NA,TRUE
316,314,1,NA,NA,1,NA,NA,TRUE
316,315,1,NA,NA,1,NA,NA,TRUE
316,317,1,NA,1,NA,NA,NA,TRUE
317,316,2,NA,NA,1,1,NA,FALSE
318,140,1,1,NA,NA,NA,NA,FALSE
319,140,1,1,NA,NA,NA,NA,FALSE
319,373,1,1,NA,NA,NA,NA,FALSE
320,328,1,1,NA,NA,NA,NA,FALSE
321,328,1,1,NA,NA,NA,NA,FALSE
322,328,1,1,NA,NA,NA,NA,FALSE
323,328,1,1,NA,NA,NA,NA,FALSE
324,328,1,1,NA,NA,NA,NA,FALSE
325,328,1,1,NA,NA,NA,NA,FALSE
326,328,2,2,NA,NA,NA,NA,FALSE
327,328,1,1,NA,NA,NA,NA,FALSE
328,11,1,NA,NA,1,NA,NA,TRUE
328,327,1,NA,NA,1,NA,NA,TRUE
328,329,1,1,NA,NA,NA,NA,TRUE
329,328,1,NA,NA,1,NA,NA,FALSE
330,11,1,NA,NA,1,NA,NA,TRUE
330,331,2,2,NA,NA,NA,NA,TRUE
331,330,1,NA,NA,1,NA,NA,FALSE
332,337,1,1,NA,NA,NA,NA,FALSE
333,337,1,1,NA,NA,NA,NA,FALSE
334,337,1,1,NA,NA,NA,NA,FALSE
335,337,2,1,NA,1,NA,NA,FALSE
336,337,1,NA,1,NA,NA,NA,FALSE
337,31,1,NA,1,NA,NA,NA,TRUE
337,334,1,NA,NA,1,NA,NA,TRUE
337,338,1,NA,1,NA,NA,NA,TRUE
338,337,2,NA,NA,1,1,NA,FALSE
339,343,1,1,NA,NA,NA,NA,FALSE
340,343,1,1,NA,NA,NA,NA,FALSE
341,343,1,1,NA,NA,NA,NA,FALSE
342,223,1,1,NA,NA,NA,NA,FALSE
342,343,1,1,NA,NA,NA,NA,FALSE
343,2,1,NA,NA,1,NA,NA,TRUE
343,9,1,NA,NA,1,NA,NA,TRUE
343,11,2,NA,NA,2,NA,NA,TRUE
343,49,1,NA,NA,1,NA,NA,TRUE
343,52,1,NA,NA,1,NA,NA,TRUE
343,55,1,NA,NA,1,NA,NA,TRUE
343,61,1,NA,NA,1,NA,NA,TRUE
343,85,1,NA,NA,NA,NA,NA,TRUE
343,94,1,NA,NA,NA,NA,NA,TRUE
343,339,1,NA,NA,1,NA,NA,TRUE
343,340,1,NA,NA,1,NA,NA,TRUE
343,341,1,NA,NA,1,NA,NA,TRUE
343,342,1,NA,NA,1,NA,NA,TRUE
343,344,1,1,NA,NA,NA,NA,TRUE
344,343,5,1,NA,4,NA,NA,FALSE
345,354,1,1,NA,NA,NA,NA,FALSE
346,354,1,1,NA,NA,NA,NA,FALSE
347,354,1,1,NA,NA,NA,NA,FALSE
348,354,1,1,NA,NA,NA,NA,FALSE
349,354,1,1,NA,NA,NA,NA,FALSE
350,354,1,1,NA,NA,NA,NA,FALSE
351,354,1,1,NA,NA,NA,NA,FALSE
352,354,1,1,NA,NA,NA,NA,FALSE
353,354,3,NA,3,NA,NA,NA,FALSE
354,61,3,NA,NA,3,NA,NA,TRUE
354,170,3,NA,NA,3,NA,NA,TRUE
354,346,3,NA,NA,3,NA,NA,TRUE
354,347,3,NA,NA,3,NA,NA,TRUE
354,348,3,NA,NA,3,NA,NA,TRUE
354,349,3,NA,NA,3,NA,NA,TRUE
354,350,2,NA,NA,2,NA,NA,TRUE
354,351,2,NA,NA,2,NA,NA,TRUE
354,352,2,NA,NA,2,NA,NA,TRUE
354,355,1,NA,1,NA,NA,NA,TRUE
354,356,1,NA,1,NA,NA,NA,TRUE
354,357,1,NA,1,NA,NA,NA,TRUE
354,358,2,NA,1,1,NA,NA,TRUE
354,359,2,NA,1,1,NA,NA,TRUE
354,360,1,NA,1,NA,NA,NA,TRUE
354,361,2,NA,1,NA,NA,NA,TRUE
355,354,1,NA,NA,1,NA,NA,FALSE
355,361,1,NA,1,NA,NA,NA,FALSE
356,354,1,NA,NA,1,NA,NA,FALSE
356,361,1,NA,1,NA,NA,NA,FALSE
357,354,1,NA,NA,1,NA,NA,FALSE
357,361,1,NA,1,NA,NA,NA,FALSE
358,354,1,NA,NA,1,NA,NA,FALSE
358,361,1,NA,1,NA,NA,NA,FALSE
359,354,1,NA,NA,1,NA,NA,FALSE
359,361,1,NA,1,NA,NA,NA,FALSE
360,354,1,NA,NA,1,NA,NA,FALSE
360,361,1,NA,1,NA,NA,NA,FALSE
361,354,2,NA,NA,1,NA,NA,FALSE
361,355,1,NA,NA,1,NA,NA,FALSE
361,356,1,NA,NA,1,NA,NA,FALSE
361,357,1,NA,NA,1,NA,NA,FALSE
361,358,1,NA,NA,1,NA,NA,FALSE
361,359,1,NA,NA,1,NA,NA,FALSE
361,360,1,NA,NA,1,NA,NA,FALSE
362,363,1,1,NA,NA,NA,NA,FALSE
363,2,1,NA,NA,1,NA,NA,TRUE
363,11,1,NA,NA,1,NA,NA,TRUE
363,362,1,NA,NA,1,NA,NA,TRUE
363,364,4,4,NA,NA,NA,NA,TRUE
364,363,1,NA,NA,1,NA,NA,FALSE
365,373,1,1,NA,NA,NA,NA,FALSE
366,373,1,1,NA,NA,NA,NA,FALSE
367,373,1,1,NA,NA,NA,NA,FALSE
368,373,1,1,NA,NA,NA,NA,FALSE
369,373,1,1,NA,NA,NA,NA,FALSE
370,373,1,1,NA,NA,NA,NA,FALSE
371,373,1,1,NA,NA,NA,NA,FALSE
372,373,1,1,NA,NA,NA,NA,FALSE
373,366,1,NA,NA,1,NA,NA,TRUE
373,367,1,NA,NA,1,NA,NA,TRUE
373,369,1,NA,NA,1,NA,NA,TRUE
373,370,1,NA,NA,1,NA,NA,TRUE
373,371,1,NA,NA,1,NA,NA,TRUE
373,374,1,1,NA,NA,NA,NA,TRUE
373,375,1,1,NA,NA,NA,NA,TRUE
374,373,1,NA,NA,1,NA,NA,FALSE
374,375,1,1,NA,NA,NA,NA,FALSE
375,373,1,NA,NA,1,NA,NA,FALSE
375,374,1,NA,NA,1,NA,NA,FALSE
376,377,1,1,NA,NA,NA,NA,FALSE
377,11,2,NA,NA,2,NA,NA,TRUE
377,18,1,NA,NA,1,NA,NA,TRUE
377,376,1,NA,NA,1,NA,NA,TRUE
377,378,1,1,NA,NA,NA,NA,TRUE
377,379,1,1,NA,NA,NA,NA,TRUE
378,377,1,NA,NA,1,NA,NA,FALSE
378,379,1,1,NA,NA,NA,NA,FALSE
379,377,1,NA,NA,1,NA,NA,FALSE
379,378,1,NA,NA,1,NA,NA,FALSE
380,223,1,1,NA,NA,NA,NA,FALSE
381,223,1,1,NA,NA,NA,NA,FALSE
382,223,1,1,NA,NA,NA,NA,FALSE
383,223,1,1,NA,NA,NA,NA,FALSE
384,223,1,1,NA,NA,NA,NA,FALSE
385,148,1,NA,1,NA,NA,NA,FALSE
385,389,1,NA,1,NA,NA,NA,FALSE
385,390,1,NA,1,NA,NA,NA,FALSE
386,148,1,NA,1,NA,NA,NA,FALSE
386,389,1,NA,1,NA,NA,NA,FALSE
386,390,1,NA,1,NA,NA,NA,FALSE
387,148,1,NA,1,NA,NA,NA,FALSE
387,389,1,NA,1,NA,NA,NA,FALSE
387,390,1,NA,1,NA,NA,NA,FALSE
388,148,1,NA,1,NA,NA,NA,FALSE
388,389,1,NA,1,NA,NA,NA,FALSE
388,390,1,NA,1,NA,NA,NA,FALSE
389,223,2,1,1,NA,NA,NA,FALSE
389,385,1,NA,NA,1,NA,NA,FALSE
389,386,1,NA,NA,1,NA,NA,FALSE
389,387,1,NA,NA,1,NA,NA,FALSE
389,388,1,NA,NA,1,NA,NA,FALSE
390,223,2,1,1,NA,NA,NA,FALSE
390,385,1,NA,NA,1,NA,NA,FALSE
390,386,1,NA,NA,1,NA,NA,FALSE
390,387,1,NA,NA,1,NA,NA,FALSE
390,388,1,NA,NA,1,NA,NA,FALSE
391,223,1,NA,NA,1,NA,NA,FALSE
392,33,2,2,NA,NA,NA,NA,FALSE
393,33,1,1,NA,NA,NA,NA,FALSE
394,396,1,1,NA,NA,NA,NA,FALSE
395,396,1,1,NA,NA,NA,NA,FALSE
396,33,2,2,NA,NA,NA,NA,FALSE
397,2,1,NA,NA,1,NA,NA,TRUE
397,11,1,NA,NA,1,NA,NA,TRUE
397,36,1,NA,NA,1,NA,NA,TRUE
397,49,1,NA,NA,1,NA,NA,TRUE
397,398,2,1,1,NA,NA,NA,TRUE
398,397,2,NA,NA,2,NA,NA,FALSE
